season,set_slug,set_name,card_number,player_name,team,is_rookie,parallels
2025-26,2025-26-topps-hoops,Topps Hoops,1,Rui Hachimura,Los Angeles Lakers,false,Base
2025-26,2025-26-topps-hoops,Topps Hoops,2,Saddiq Bey,Washington Wizards,false,Base
2025-26,2025-26-topps-hoops,Topps Hoops,3,OG Anunoby,New York Knicks,false,Base
2025-26,2025-26-topps-hoops,Topps Hoops,4,Tyler Herro,Miami Heat,false,Base
2025-26,2025-26-topps-hoops,Topps Hoops,5,Deandre Ayton,Portland Trail Blazers,false,Base
2025-26,2025-26-topps-hoops,Topps Hoops,6,Yang Hansen,Portland Trail Blazers,true,Base
2025-26,2025-26-topps-hoops,Topps Hoops,7,Dylan Harper,San Antonio Spurs,true,Base
2025-26,2025-26-topps-hoops,Topps Hoops,8,Luka Dončić,Los Angeles Lakers,false,Base
2025-26,2025-26-topps-hoops,Topps Hoops,9,Joel Embiid,Philadelphia 76ers,false,Base
2025-26,2025-26-topps-hoops,Topps Hoops,10,Pascal Siakam,Indiana Pacers,false,Base
2025-26,2025-26-topps-hoops,Topps Hoops,11,Myles Turner,Indiana Pacers,false,Base
2025-26,2025-26-topps-hoops,Topps Hoops,12,Kam Jones,Indiana Pacers,true,Base
2025-26,2025-26-topps-hoops,Topps Hoops,13,Jalen Suggs,Orlando Magic,false,Base
2025-26,2025-26-topps-hoops,Topps Hoops,14,Austin Reaves,Los Angeles Lakers,false,Base
2025-26,2025-26-topps-hoops,Topps Hoops,15,Brandon Williams,Dallas Mavericks,false,Base
2025-26,2025-26-topps-hoops,Topps Hoops,16,Malik Beasley,Detroit Pistons,false,Base
2025-26,2025-26-topps-hoops,Topps Hoops,17,Koby Brea,Phoenix Suns,true,Base
2025-26,2025-26-topps-hoops,Topps Hoops,18,De'Aaron Fox,San Antonio Spurs,false,Base
2025-26,2025-26-topps-hoops,Topps Hoops,19,Jamir Watkins,Washington Wizards,true,Base
2025-26,2025-26-topps-hoops,Topps Hoops,20,Joan Beringer,Minnesota Timberwolves,true,Base
2025-26,2025-26-topps-hoops,Topps Hoops,21,Jalen Williams,Oklahoma City Thunder,false,Base
2025-26,2025-26-topps-hoops,Topps Hoops,22,Marcus Smart,Washington Wizards,false,Base
2025-26,2025-26-topps-hoops,Topps Hoops,23,Keldon Johnson,San Antonio Spurs,false,Base
2025-26,2025-26-topps-hoops,Topps Hoops,24,Alex Caruso,Oklahoma City Thunder,false,Base
2025-26,2025-26-topps-hoops,Topps Hoops,25,Kyrie Irving,Dallas Mavericks,false,Base
2025-26,2025-26-topps-hoops,Topps Hoops,26,Naz Reid,Minnesota Timberwolves,false,Base
2025-26,2025-26-topps-hoops,Topps Hoops,27,Max Strus,Cleveland Cavaliers,false,Base
2025-26,2025-26-topps-hoops,Topps Hoops,28,Evan Mobley,Cleveland Cavaliers,false,Base
2025-26,2025-26-topps-hoops,Topps Hoops,29,Nic Claxton,Brooklyn Nets,false,Base
2025-26,2025-26-topps-hoops,Topps Hoops,30,Victor Wembanyama,San Antonio Spurs,false,Base
2025-26,2025-26-topps-hoops,Topps Hoops,31,Ivica Zubac,Los Angeles Clippers,false,Base
2025-26,2025-26-topps-hoops,Topps Hoops,32,Alijah Martin,Toronto Raptors,true,Base
2025-26,2025-26-topps-hoops,Topps Hoops,33,AJ Green,Milwaukee Bucks,false,Base
2025-26,2025-26-topps-hoops,Topps Hoops,34,Al Horford,Boston Celtics,false,Base
2025-26,2025-26-topps-hoops,Topps Hoops,35,Cooper Flagg,Dallas Mavericks,true,Base
2025-26,2025-26-topps-hoops,Topps Hoops,36,Onyeka Okungwu,Atlanta Hawks,false,Base
2025-26,2025-26-topps-hoops,Topps Hoops,37,Bam Adebayo,Miami Heat,false,Base
2025-26,2025-26-topps-hoops,Topps Hoops,38,Ace Bailey,Utah Jazz,true,Base
2025-26,2025-26-topps-hoops,Topps Hoops,39,Jrue Holiday,Boston Celtics,false,Base
2025-26,2025-26-topps-hoops,Topps Hoops,40,Franz Wagner,Orlando Magic,false,Base
2025-26,2025-26-topps-hoops,Topps Hoops,41,Donte DiVincenzo,Minnesota Timberwolves,false,Base
2025-26,2025-26-topps-hoops,Topps Hoops,42,Gary Payton II,Golden State Warriors,false,Base
2025-26,2025-26-topps-hoops,Topps Hoops,43,Reed Sheppard,Houston Rockets,false,Base
2025-26,2025-26-topps-hoops,Topps Hoops,44,Larry Nance Jr.,Atlanta Hawks,false,Base
2025-26,2025-26-topps-hoops,Topps Hoops,45,Keyonte George,Utah Jazz,false,Base
2025-26,2025-26-topps-hoops,Topps Hoops,46,Devin Carter,Sacramento Kings,false,Base
2025-26,2025-26-topps-hoops,Topps Hoops,47,Stephon Castle,San Antonio Spurs,false,Base
2025-26,2025-26-topps-hoops,Topps Hoops,48,Jeremiah Fears,New Orleans Pelicans,true,Base
2025-26,2025-26-topps-hoops,Topps Hoops,49,Josh Giddey,Chicago Bulls,false,Base
2025-26,2025-26-topps-hoops,Topps Hoops,50,Jalen Johnson,Atlanta Hawks,false,Base
2025-26,2025-26-topps-hoops,Topps Hoops,51,Andrew Nembhard,Indiana Pacers,false,Base
2025-26,2025-26-topps-hoops,Topps Hoops,52,Asa Newell,Atlanta Hawks,true,Base
2025-26,2025-26-topps-hoops,Topps Hoops,53,Devin Booker,Phoenix Suns,false,Base
2025-26,2025-26-topps-hoops,Topps Hoops,54,Quentin Grimes,Philadelphia 76ers,false,Base
2025-26,2025-26-topps-hoops,Topps Hoops,55,Jamal Murray,Denver Nuggets,false,Base
2025-26,2025-26-topps-hoops,Topps Hoops,56,Kyshawn George,Washington Wizards,false,Base
2025-26,2025-26-topps-hoops,Topps Hoops,57,Ryan Dunn,Phoenix Suns,false,Base
2025-26,2025-26-topps-hoops,Topps Hoops,58,Alex Sarr,Washington Wizards,false,Base
2025-26,2025-26-topps-hoops,Topps Hoops,59,Ben Saraf,Brooklyn Nets,true,Base
2025-26,2025-26-topps-hoops,Topps Hoops,60,Andre Drummond,Philadelphia 76ers,false,Base
2025-26,2025-26-topps-hoops,Topps Hoops,61,Chet Holmgren,Oklahoma City Thunder,false,Base
2025-26,2025-26-topps-hoops,Topps Hoops,62,Derik Queen,New Orleans Pelicans,true,Base
2025-26,2025-26-topps-hoops,Topps Hoops,63,Steven Adams,Houston Rockets,false,Base
2025-26,2025-26-topps-hoops,Topps Hoops,64,Jakob Poeltl,Toronto Raptors,false,Base
2025-26,2025-26-topps-hoops,Topps Hoops,65,Coby White,Chicago Bulls,false,Base
2025-26,2025-26-topps-hoops,Topps Hoops,66,Khaman Maluach,Phoenix Suns,true,Base
2025-26,2025-26-topps-hoops,Topps Hoops,67,Kon Knueppel,Charlotte Hornets,true,Base
2025-26,2025-26-topps-hoops,Topps Hoops,68,Bennedict Mathurin,Indiana Pacers,false,Base
2025-26,2025-26-topps-hoops,Topps Hoops,69,DeMar DeRozan,Sacramento Kings,false,Base
2025-26,2025-26-topps-hoops,Topps Hoops,70,Noa Essengue,Chicago Bulls,true,Base
2025-26,2025-26-topps-hoops,Topps Hoops,71,James Harden,Los Angeles Clippers,false,Base
2025-26,2025-26-topps-hoops,Topps Hoops,72,Hugo González,Boston Celtics,true,Base
2025-26,2025-26-topps-hoops,Topps Hoops,73,Kawhi Leonard,Los Angeles Clippers,false,Base
2025-26,2025-26-topps-hoops,Topps Hoops,74,Will Riley,Washington Wizards,true,Base
2025-26,2025-26-topps-hoops,Topps Hoops,75,Kasparas Jakučionis,Miami Heat,true,Base
2025-26,2025-26-topps-hoops,Topps Hoops,76,Donovan Mitchell,Cleveland Cavaliers,false,Base
2025-26,2025-26-topps-hoops,Topps Hoops,77,Cole Anthony,Orlando Magic,false,Base
2025-26,2025-26-topps-hoops,Topps Hoops,78,Trey Murphy III,New Orleans Pelicans,false,Base
2025-26,2025-26-topps-hoops,Topps Hoops,79,Bobby Portis,Milwaukee Bucks,false,Base
2025-26,2025-26-topps-hoops,Topps Hoops,80,Brandon Miller,Charlotte Hornets,false,Base
2025-26,2025-26-topps-hoops,Topps Hoops,81,Cade Cunningham,Detroit Pistons,false,Base
2025-26,2025-26-topps-hoops,Topps Hoops,82,Nikola Jokić,Denver Nuggets,false,Base
2025-26,2025-26-topps-hoops,Topps Hoops,83,Keegan Murray,Sacramento Kings,false,Base
2025-26,2025-26-topps-hoops,Topps Hoops,84,LeBron James,Los Angeles Lakers,false,Base
2025-26,2025-26-topps-hoops,Topps Hoops,85,Scoot Henderson,Portland Trail Blazers,false,Base
2025-26,2025-26-topps-hoops,Topps Hoops,86,Shai Gilgeous-Alexander,Oklahoma City Thunder,false,Base
2025-26,2025-26-topps-hoops,Topps Hoops,87,Matisse Thybulle,Portland Trail Blazers,false,Base
2025-26,2025-26-topps-hoops,Topps Hoops,88,Thomas Sorber,Oklahoma City Thunder,true,Base
2025-26,2025-26-topps-hoops,Topps Hoops,89,Deni Avdija,Portland Trail Blazers,false,Base
2025-26,2025-26-topps-hoops,Topps Hoops,90,Cedric Coward,Memphis Grizzlies,true,Base
2025-26,2025-26-topps-hoops,Topps Hoops,91,Andrew Wiggins,Miami Heat,false,Base
2025-26,2025-26-topps-hoops,Topps Hoops,92,Taurean Prince,Milwaukee Bucks,false,Base
2025-26,2025-26-topps-hoops,Topps Hoops,93,Drake Powell,Brooklyn Nets,true,Base
2025-26,2025-26-topps-hoops,Topps Hoops,94,Jaden McDaniels,Minnesota Timberwolves,false,Base
2025-26,2025-26-topps-hoops,Topps Hoops,95,Anfernee Simons,Portland Trail Blazers,false,Base
2025-26,2025-26-topps-hoops,Topps Hoops,96,Jaylen Wells,Memphis Grizzlies,false,Base
2025-26,2025-26-topps-hoops,Topps Hoops,97,Brandin Podziemski,Golden State Warriors,false,Base
2025-26,2025-26-topps-hoops,Topps Hoops,98,Lonzo Ball,Chicago Bulls,false,Base
2025-26,2025-26-topps-hoops,Topps Hoops,99,Jalen Duren,Detroit Pistons,false,Base
2025-26,2025-26-topps-hoops,Topps Hoops,100,Mikal Bridges,New York Knicks,false,Base
2025-26,2025-26-topps-hoops,Topps Hoops,101,Jae Crowder,Sacramento Kings,false,Base
2025-26,2025-26-topps-hoops,Topps Hoops,102,Jalen Green,Houston Rockets,false,Base
2025-26,2025-26-topps-hoops,Topps Hoops,103,Ronald Holland II,Detroit Pistons,false,Base
2025-26,2025-26-topps-hoops,Topps Hoops,104,Klay Thompson,Dallas Mavericks,false,Base
2025-26,2025-26-topps-hoops,Topps Hoops,105,Zaccharie Risacher,Atlanta Hawks,false,Base
2025-26,2025-26-topps-hoops,Topps Hoops,106,Jaxson Hayes,Los Angeles Lakers,false,Base
2025-26,2025-26-topps-hoops,Topps Hoops,107,Dereck Lively II,Dallas Mavericks,false,Base
2025-26,2025-26-topps-hoops,Topps Hoops,108,Anthony Davis,Dallas Mavericks,false,Base
2025-26,2025-26-topps-hoops,Topps Hoops,109,Dyson Daniels,Atlanta Hawks,false,Base
2025-26,2025-26-topps-hoops,Topps Hoops,110,Donovan Clingan,Portland Trail Blazers,false,Base
2025-26,2025-26-topps-hoops,Topps Hoops,111,Alperun Sengun,Houston Rockets,false,Base
2025-26,2025-26-topps-hoops,Topps Hoops,112,Brandon Clarke,Memphis Grizzlies,false,Base
2025-26,2025-26-topps-hoops,Topps Hoops,113,Max Christie,Dallas Mavericks,false,Base
2025-26,2025-26-topps-hoops,Topps Hoops,114,Nikola Jović,Miami Heat,false,Base
2025-26,2025-26-topps-hoops,Topps Hoops,115,Sam Hauser,Boston Celtics,false,Base
2025-26,2025-26-topps-hoops,Topps Hoops,116,Mark Williams,Charlotte Hornets,false,Base
2025-26,2025-26-topps-hoops,Topps Hoops,117,Anthony Black,Orlando Magic,false,Base
2025-26,2025-26-topps-hoops,Topps Hoops,118,Jimmy Butler III,Golden State Warriors,false,Base
2025-26,2025-26-topps-hoops,Topps Hoops,119,Lauri Markkanen,Utah Jazz,false,Base
2025-26,2025-26-topps-hoops,Topps Hoops,120,Draymond Green,Golden State Warriors,false,Base
2025-26,2025-26-topps-hoops,Topps Hoops,121,Cody Williams,Utah Jazz,false,Base
2025-26,2025-26-topps-hoops,Topps Hoops,122,Gary Trent Jr.,Milwaukee Bucks,false,Base
2025-26,2025-26-topps-hoops,Topps Hoops,123,Amen Thompson,Houston Rockets,false,Base
2025-26,2025-26-topps-hoops,Topps Hoops,124,Josh Hart,New York Knicks,false,Base
2025-26,2025-26-topps-hoops,Topps Hoops,125,RJ Barrett,Toronto Raptors,false,Base
2025-26,2025-26-topps-hoops,Topps Hoops,126,Darius Garland,Cleveland Cavaliers,false,Base
2025-26,2025-26-topps-hoops,Topps Hoops,127,Tre Mann,Charlotte Hornets,false,Base
2025-26,2025-26-topps-hoops,Topps Hoops,128,Egor Dëmin,Brooklyn Nets,true,Base
2025-26,2025-26-topps-hoops,Topps Hoops,129,Alex Toohey,Golden State Warriors,true,Base
2025-26,2025-26-topps-hoops,Topps Hoops,130,Paul George,Philadelphia 76ers,false,Base
2025-26,2025-26-topps-hoops,Topps Hoops,131,Nick Smith Jr.,Charlotte Hornets,false,Base
2025-26,2025-26-topps-hoops,Topps Hoops,132,Noah Penda,Orlando Magic,true,Base
2025-26,2025-26-topps-hoops,Topps Hoops,133,Nolan Traore,Brooklyn Nets,true,Base
2025-26,2025-26-topps-hoops,Topps Hoops,134,Nickeil Alexander-Walker,Minnesota Timberwolves,false,Base
2025-26,2025-26-topps-hoops,Topps Hoops,135,Jaylen Brown,Boston Celtics,false,Base
2025-26,2025-26-topps-hoops,Topps Hoops,136,Damian Lillard,Milwaukee Bucks,false,Base
2025-26,2025-26-topps-hoops,Topps Hoops,137,Miles McBride,New York Knicks,false,Base
2025-26,2025-26-topps-hoops,Topps Hoops,138,Xavier Tillman,Boston Celtics,false,Base
2025-26,2025-26-topps-hoops,Topps Hoops,139,Jordan Hawkins,New Orleans Pelicans,false,Base
2025-26,2025-26-topps-hoops,Topps Hoops,140,Zach LaVine,Sacramento Kings,false,Base
2025-26,2025-26-topps-hoops,Topps Hoops,141,Stephen Curry,Golden State Warriors,false,Base
2025-26,2025-26-topps-hoops,Topps Hoops,142,Jase Richardson,Orlando Magic,true,Base
2025-26,2025-26-topps-hoops,Topps Hoops,143,Christian Braun,Denver Nuggets,false,Base
2025-26,2025-26-topps-hoops,Topps Hoops,144,Collin Murray-Boyles,Toronto Raptors,true,Base
2025-26,2025-26-topps-hoops,Topps Hoops,145,Harrison Barnes,San Antonio Spurs,false,Base
2025-26,2025-26-topps-hoops,Topps Hoops,146,Aaron Gordon,Denver Nuggets,false,Base
2025-26,2025-26-topps-hoops,Topps Hoops,147,T.J. McConnell,Indiana Pacers,false,Base
2025-26,2025-26-topps-hoops,Topps Hoops,148,Mitchell Robinson,New York Knicks,false,Base
2025-26,2025-26-topps-hoops,Topps Hoops,149,Tyrese Haliburton,Indiana Pacers,false,Base
2025-26,2025-26-topps-hoops,Topps Hoops,150,De'Andre Hunter,Cleveland Cavaliers,false,Base
2025-26,2025-26-topps-hoops,Topps Hoops,151,Sion James,Charlotte Hornets,true,Base
2025-26,2025-26-topps-hoops,Topps Hoops,152,Nicolas Batum,Los Angeles Clippers,false,Base
2025-26,2025-26-topps-hoops,Topps Hoops,153,Naji Marshall,Dallas Mavericks,false,Base
2025-26,2025-26-topps-hoops,Topps Hoops,154,Jeremy Sochan,San Antonio Spurs,false,Base
2025-26,2025-26-topps-hoops,Topps Hoops,155,Julian Phillips,Chicago Bulls,false,Base
2025-26,2025-26-topps-hoops,Topps Hoops,156,Matas Buzelis,Chicago Bulls,false,Base
2025-26,2025-26-topps-hoops,Topps Hoops,157,Rudy Gobert,Minnesota Timberwolves,false,Base
2025-26,2025-26-topps-hoops,Topps Hoops,158,Brooks Barnhizer,Oklahoma City Thunder,true,Base
2025-26,2025-26-topps-hoops,Topps Hoops,159,Johni Broome,Philadelphia 76ers,true,Base
2025-26,2025-26-topps-hoops,Topps Hoops,160,Rob Dillingham,Minnesota Timberwolves,false,Base
2025-26,2025-26-topps-hoops,Topps Hoops,161,Grant Williams,Charlotte Hornets,false,Base
2025-26,2025-26-topps-hoops,Topps Hoops,162,John Tonje,Utah Jazz,false,Base
2025-26,2025-26-topps-hoops,Topps Hoops,163,Scotty Pippen Jr.,Memphis Grizzlies,false,Base
2025-26,2025-26-topps-hoops,Topps Hoops,164,Jamal Shead,Toronto Raptors,false,Base
2025-26,2025-26-topps-hoops,Topps Hoops,165,Giannis Antetokounmpo,Milwaukee Bucks,false,Base
2025-26,2025-26-topps-hoops,Topps Hoops,166,Immanuel Quickley,Toronto Raptors,false,Base
2025-26,2025-26-topps-hoops,Topps Hoops,167,Tobias Harris,Detroit Pistons,false,Base
2025-26,2025-26-topps-hoops,Topps Hoops,168,Walker Kessler,Utah Jazz,false,Base
2025-26,2025-26-topps-hoops,Topps Hoops,169,Rocco Zikarsky,Minnesota Timberwolves,true,Base
2025-26,2025-26-topps-hoops,Topps Hoops,170,Bilal Coulibaly,Washington Wizards,false,Base
2025-26,2025-26-topps-hoops,Topps Hoops,171,Jonas Valančiūnas,Washington Wizards,false,Base
2025-26,2025-26-topps-hoops,Topps Hoops,172,Kel'El Ware,Miami Heat,false,Base
2025-26,2025-26-topps-hoops,Topps Hoops,173,Walter Clayton Jr.,Utah Jazz,true,Base
2025-26,2025-26-topps-hoops,Topps Hoops,174,Kentavious Caldwell-Pope,Orlando Magic,false,Base
2025-26,2025-26-topps-hoops,Topps Hoops,175,Khris Middleton,Washington Wizards,false,Base
2025-26,2025-26-topps-hoops,Topps Hoops,176,Zach Collins,Chicago Bulls,false,Base
2025-26,2025-26-topps-hoops,Topps Hoops,177,Derrick White,Boston Celtics,false,Base
2025-26,2025-26-topps-hoops,Topps Hoops,178,Aaron Nesmith,Indiana Pacers,false,Base
2025-26,2025-26-topps-hoops,Topps Hoops,179,Kyle Filipowski,Utah Jazz,false,Base
2025-26,2025-26-topps-hoops,Topps Hoops,180,Gradey Dick,Toronto Raptors,false,Base
2025-26,2025-26-topps-hoops,Topps Hoops,181,Carter Bryant,San Antonio Spurs,true,Base
2025-26,2025-26-topps-hoops,Topps Hoops,182,Adou Thiero,Los Angeles Lakers,true,Base
2025-26,2025-26-topps-hoops,Topps Hoops,183,Michael Porter Jr.,Denver Nuggets,false,Base
2025-26,2025-26-topps-hoops,Topps Hoops,184,Kyle Kuzma,Milwaukee Bucks,false,Base
2025-26,2025-26-topps-hoops,Topps Hoops,185,LaMelo Ball,Charlotte Hornets,false,Base
2025-26,2025-26-topps-hoops,Topps Hoops,186,Grayson Allen,Phoenix Suns,false,Base
2025-26,2025-26-topps-hoops,Topps Hoops,187,Jaden Ivey,Detroit Pistons,false,Base
2025-26,2025-26-topps-hoops,Topps Hoops,188,Jaren Jackson Jr.,Memphis Grizzlies,false,Base
2025-26,2025-26-topps-hoops,Topps Hoops,189,P.J. Washington Jr.,Dallas Mavericks,false,Base
2025-26,2025-26-topps-hoops,Topps Hoops,190,Jalen Brunson,New York Knicks,false,Base
2025-26,2025-26-topps-hoops,Topps Hoops,191,Kris Murray,Portland Trail Blazers,false,Base
2025-26,2025-26-topps-hoops,Topps Hoops,192,Jordan Clarkson,Utah Jazz,false,Base
2025-26,2025-26-topps-hoops,Topps Hoops,193,Julius Randle,Minnesota Timberwolves,false,Base
2025-26,2025-26-topps-hoops,Topps Hoops,194,Paolo Banchero,Orlando Magic,false,Base
2025-26,2025-26-topps-hoops,Topps Hoops,195,Anthony Edwards,Minnesota Timberwolves,false,Base
2025-26,2025-26-topps-hoops,Topps Hoops,196,Isaiah Hartenstein,Oklahoma City Thunder,false,Base
2025-26,2025-26-topps-hoops,Topps Hoops,197,Jared McCain,Philadelphia 76ers,false,Base
2025-26,2025-26-topps-hoops,Topps Hoops,198,Jarrett Allen,Cleveland Cavaliers,false,Base
2025-26,2025-26-topps-hoops,Topps Hoops,199,Fred VanVleet,Houston Rockets,false,Base
2025-26,2025-26-topps-hoops,Topps Hoops,200,CJ McCollum,New Orleans Pelicans,false,Base
2025-26,2025-26-topps-hoops,Topps Hoops,201,Kristaps Porziņģis,Boston Celtics,false,Base
2025-26,2025-26-topps-hoops,Topps Hoops,202,Luguentz Dort,Oklahoma City Thunder,false,Base
2025-26,2025-26-topps-hoops,Topps Hoops,203,John Collins,Los Angeles Clippers,false,Base
2025-26,2025-26-topps-hoops,Topps Hoops,204,Domantas Sabonis,Sacramento Kings,false,Base
2025-26,2025-26-topps-hoops,Topps Hoops,205,Malik Monk,Sacramento Kings,false,Base
2025-26,2025-26-topps-hoops,Topps Hoops,206,Jonathan Kuminga,Golden State Warriors,false,Base
2025-26,2025-26-topps-hoops,Topps Hoops,207,Ryan Kalkbrenner,Charlotte Hornets,true,Base
2025-26,2025-26-topps-hoops,Topps Hoops,208,Jabari Smith Jr.,Houston Rockets,false,Base
2025-26,2025-26-topps-hoops,Topps Hoops,209,Johnny Furphy,Indiana Pacers,false,Base
2025-26,2025-26-topps-hoops,Topps Hoops,210,Maxime Raynaud,Sacramento Kings,true,Base
2025-26,2025-26-topps-hoops,Topps Hoops,211,Cam Thomas,Brooklyn Nets,false,Base
2025-26,2025-26-topps-hoops,Topps Hoops,212,Jonathan Isaac,Orlando Magic,false,Base
2025-26,2025-26-topps-hoops,Topps Hoops,213,Payton Pritchard,Boston Celtics,false,Base
2025-26,2025-26-topps-hoops,Topps Hoops,214,Desmond Bane,Memphis Grizzlies,false,Base
2025-26,2025-26-topps-hoops,Topps Hoops,215,Tyrese Proctor,Cleveland Cavaliers,true,Base
2025-26,2025-26-topps-hoops,Topps Hoops,216,Caris LeVert,Atlanta Hawks,false,Base
2025-26,2025-26-topps-hoops,Topps Hoops,217,DaRon Holmes II,Denver Nuggets,false,Base
2025-26,2025-26-topps-hoops,Topps Hoops,218,Chaz Lanier,Detroit Pistons,true,Base
2025-26,2025-26-topps-hoops,Topps Hoops,219,Cason Wallace,Oklahoma City Thunder,false,Base
2025-26,2025-26-topps-hoops,Topps Hoops,220,Ja Morant,Memphis Grizzlies,false,Base
2025-26,2025-26-topps-hoops,Topps Hoops,221,Kevin Durant,Houston Rockets,false,Base
2025-26,2025-26-topps-hoops,Topps Hoops,222,Norman Powell,Miami Heat,false,Base
2025-26,2025-26-topps-hoops,Topps Hoops,223,Jaime Jaquez Jr.,Miami Heat,false,Base
2025-26,2025-26-topps-hoops,Topps Hoops,224,Brandon Ingram,Toronto Raptors,false,Base
2025-26,2025-26-topps-hoops,Topps Hoops,225,Obi Toppin,Indiana Pacers,false,Base
2025-26,2025-26-topps-hoops,Topps Hoops,226,Tre Johnson III,Washington Wizards,true,Base
2025-26,2025-26-topps-hoops,Topps Hoops,227,Dorian Finney-Smith,Los Angeles Lakers,false,Base
2025-26,2025-26-topps-hoops,Topps Hoops,228,Jayson Tatum,Boston Celtics,false,Base
2025-26,2025-26-topps-hoops,Topps Hoops,229,Micah Peavy,New Orleans Pelicans,true,Base
2025-26,2025-26-topps-hoops,Topps Hoops,230,Zach Edey,Memphis Grizzlies,false,Base
2025-26,2025-26-topps-hoops,Topps Hoops,231,Dejounte Murray,New Orleans Pelicans,false,Base
2025-26,2025-26-topps-hoops,Topps Hoops,232,Liam McNeeley,Charlotte Hornets,true,Base
2025-26,2025-26-topps-hoops,Topps Hoops,233,Devin Vassell,San Antonio Spurs,false,Base
2025-26,2025-26-topps-hoops,Topps Hoops,234,Scottie Barnes,Toronto Raptors,false,Base
2025-26,2025-26-topps-hoops,Topps Hoops,235,Cameron Johnson,Denver Nuggets,false,Base
2025-26,2025-26-topps-hoops,Topps Hoops,236,Bub Carrington,Washington Wizards,false,Base
2025-26,2025-26-topps-hoops,Topps Hoops,237,Kyle Lowry,Philadelphia 76ers,false,Base
2025-26,2025-26-topps-hoops,Topps Hoops,238,Yanic Konan-Niederhäuser,Los Angeles Clippers,true,Base
2025-26,2025-26-topps-hoops,Topps Hoops,239,Buddy Hield,Golden State Warriors,false,Base
2025-26,2025-26-topps-hoops,Topps Hoops,240,Ausar Thompson,Detroit Pistons,false,Base
2025-26,2025-26-topps-hoops,Topps Hoops,241,Nique Clifford,Sacramento Kings,true,Base
2025-26,2025-26-topps-hoops,Topps Hoops,242,Tristan Da Silva,Orlando Magic,false,Base
2025-26,2025-26-topps-hoops,Topps Hoops,243,Shaedon Sharpe,Portland Trail Blazers,false,Base
2025-26,2025-26-topps-hoops,Topps Hoops,244,VJ Edgecombe,Philadelphia 76ers,true,Base
2025-26,2025-26-topps-hoops,Topps Hoops,245,Patrick Williams,Chicago Bulls,false,Base
2025-26,2025-26-topps-hoops,Topps Hoops,246,Danny Wolf,Brooklyn Nets,true,Base
2025-26,2025-26-topps-hoops,Topps Hoops,247,Chris Paul,San Antonio Spurs,false,Base
2025-26,2025-26-topps-hoops,Topps Hoops,248,Jae'Sean Tate,Houston Rockets,false,Base
2025-26,2025-26-topps-hoops,Topps Hoops,249,Karl-Anthony Towns,New York Knicks,false,Base
2025-26,2025-26-topps-hoops,Topps Hoops,250,Russell Westbrook,Denver Nuggets,false,Base
2025-26,2025-26-topps-hoops,Topps Hoops,251,Bruce Brown,New Orleans Pelicans,false,Base
2025-26,2025-26-topps-hoops,Topps Hoops,252,Ayo Dosunmu,Chicago Bulls,false,Base
2025-26,2025-26-topps-hoops,Topps Hoops,253,Oso Ighodaro,Phoenix Suns,false,Base
2025-26,2025-26-topps-hoops,Topps Hoops,254,Bradley Beal,Phoenix Suns,false,Base
2025-26,2025-26-topps-hoops,Topps Hoops,255,Rasheer Fleming,Phoenix Suns,true,Base
2025-26,2025-26-topps-hoops,Topps Hoops,256,Derrick Jones Jr.,Los Angeles Clippers,false,Base
2025-26,2025-26-topps-hoops,Topps Hoops,257,Herbert Jones,New Orleans Pelicans,false,Base
2025-26,2025-26-topps-hoops,Topps Hoops,258,Tyrese Maxey,Philadelphia 76ers,false,Base
2025-26,2025-26-topps-hoops,Topps Hoops,259,Trae Young,Atlanta Hawks,false,Base
2025-26,2025-26-topps-hoops,Topps Hoops,260,Dalton Knecht,Los Angeles Lakers,false,Base
2025-26,2025-26-topps-hoops,Topps Hoops,261,Stephen Curry,Golden State Warriors,false,Base
2025-26,2025-26-topps-hoops,Topps Hoops,262,Tyrese Haliburton,Indiana Pacers,false,Base
2025-26,2025-26-topps-hoops,Topps Hoops,263,Jayson Tatum,Boston Celtics,false,Base
2025-26,2025-26-topps-hoops,Topps Hoops,264,Ja Morant,Memphis Grizzlies,false,Base
2025-26,2025-26-topps-hoops,Topps Hoops,265,Pascal Siakam,Indiana Pacers,false,Base
2025-26,2025-26-topps-hoops,Topps Hoops,266,Aaron Gordon,Denver Nuggets,false,Base
2025-26,2025-26-topps-hoops,Topps Hoops,267,Shaedon Sharpe,Portland Trail Blazers,false,Base
2025-26,2025-26-topps-hoops,Topps Hoops,268,Shai Gilgeous-Alexander,Oklahoma City Thunder,false,Base
2025-26,2025-26-topps-hoops,Topps Hoops,269,Luka Dončić,Los Angeles Lakers,false,Base
2025-26,2025-26-topps-hoops,Topps Hoops,270,Anthony Edwards,Minnesota Timberwolves,false,Base
2025-26,2025-26-topps-hoops,Topps Hoops,271,Jaylen Brown,Boston Celtics,false,Base
2025-26,2025-26-topps-hoops,Topps Hoops,272,Kevin Durant,Phoenix Suns,false,Base
2025-26,2025-26-topps-hoops,Topps Hoops,273,Kyrie Irving,Dallas Mavericks,false,Base
2025-26,2025-26-topps-hoops,Topps Hoops,274,Damian Lillard,Milwaukee Bucks,false,Base
2025-26,2025-26-topps-hoops,Topps Hoops,275,Stephen Curry,Golden State Warriors,false,Base
2025-26,2025-26-topps-hoops,Topps Hoops,276,James Harden,Los Angeles Clippers,false,Base
2025-26,2025-26-topps-hoops,Topps Hoops,277,Jayson Tatum,Boston Celtics,false,Base
2025-26,2025-26-topps-hoops,Topps Hoops,278,Jalen Brunson,New York Knicks,false,Base
2025-26,2025-26-topps-hoops,Topps Hoops,279,Anthony Edwards,Minnesota Timberwolves,false,Base
2025-26,2025-26-topps-hoops,Topps Hoops,280,Tyler Herro,Miami Heat,false,Base
2025-26,2025-26-topps-hoops,Topps Hoops,281,Evan Mobley,Cleveland Cavaliers,false,Base
2025-26,2025-26-topps-hoops,Topps Hoops,282,Cade Cunningham,Detroit Pistons,false,Base
2025-26,2025-26-topps-hoops,Topps Hoops,283,Darius Garland,Cleveland Cavaliers,false,Base
2025-26,2025-26-topps-hoops,Topps Hoops,284,Jaren Jackson Jr.,Memphis Grizzlies,false,Base
2025-26,2025-26-topps-hoops,Topps Hoops,285,Jalen Williams,Oklahoma City Thunder,false,Base
2025-26,2025-26-topps-hoops,Topps Hoops,286,Shai Gilgeous-Alexander,Oklahoma City Thunder,false,Base
2025-26,2025-26-topps-hoops,Topps Hoops,287,Donovan Mitchell,Cleveland Cavaliers,false,Base
2025-26,2025-26-topps-hoops,Topps Hoops,288,Pascal Siakam,Indiana Pacers,false,Base
2025-26,2025-26-topps-hoops,Topps Hoops,289,Victor Wembanyama,San Antonio Spurs,false,Base
2025-26,2025-26-topps-hoops,Topps Hoops,290,Nikola Jokić,Denver Nuggets,false,Base
2025-26,2025-26-topps-hoops,Topps Hoops,291,Alperen Sengun,Houston Rockets,false,Base
2025-26,2025-26-topps-hoops,Topps Hoops,292,Karl-Anthony Towns,New York Knicks,false,Base
2025-26,2025-26-topps-hoops,Topps Hoops,293,Trae Young,Atlanta Hawks,false,Base
2025-26,2025-26-topps-hoops,Topps Hoops,294,Stephon Castle,San Antonio Spurs,false,Base
2025-26,2025-26-topps-hoops,Topps Hoops,295,Jaylen Wells,Memphis Grizzlies,false,Base
2025-26,2025-26-topps-hoops,Topps Hoops,296,Zach Edey,Memphis Grizzlies,false,Base
2025-26,2025-26-topps-hoops,Topps Hoops,297,Ryan Dunn,Phoenix Suns,false,Base
2025-26,2025-26-topps-hoops,Topps Hoops,298,Dalton Knecht,Los Angeles Lakers,false,Base
2025-26,2025-26-topps-hoops,Topps Hoops,299,Keyonte George,Utah Jazz,false,Base
2025-26,2025-26-topps-hoops,Topps Hoops,300,Amen Thompson,Houston rockets,false,Base
