cluster,main_keyword,variants,volume,intention,serp_top3,access,page_type,slug,status,notes
commercial,basketball card scanner app,"basketball card scanner app free; basketball card scanner app for android; basketball card scanner app for iphone; best basketball card scanner app",TBD,Commercial,"App Store (CollX); Reddit r/sportscards; Google Play (CollX)",medium,Homepage,/,candidate,"Homepage owns ONE commercial query (R5). Pick between the four commercial rows by volume (R6); the others become variants on the same row."
commercial,basketball card value app,"free basketball card value app; basketball card value app for android; basketball card value app iphone; best basketball card value app; nba card value app; basketball card values free lookup",TBD,Commercial,"App Store (CollX); Google Play (CollX); SportsCardsPro (price guide)",medium,Homepage,/,candidate,"Same homepage. PAA: 'How to look up basketball card worth?', 'Which app is better, Ludex or CollX?'"
commercial,basketball card collection tracker,"basketball card collection tracker app; basketball card collection tracker free; best app to track sports card collection; trading card collection tracker app; nba card collection tracker",TBD,Commercial,"SportsCardsPro (tool); Reddit r/sportscards; SetScribe (small tool)",accessible,Homepage,/,candidate,"Most accessible of the commercial rows: two tools and a forum in the top 3, no app store. Recommended homepage query if volumes are comparable."
commercial,basketball card price guide app,"free basketball card price guide app; basketball card price guide app for android; basketball card price guide app iphone",TBD,Commercial,"App Store (CollX); Google Play (Sport Card Value Scanner); SportsCardsPro",medium,Homepage,/,candidate,"Same homepage."
competitor,best app to scan sports cards,"best app to scan sports cards free; best app to scan sports cards for android; best app to scan sports cards for value; best free sports card scanner app; sports card scanner app free",TBD,Commercial,"App Store (CollX); Reddit r/sportscards; CollX site; cardsaiapp.com blog on page 1",accessible,Comparison page,/compare/best-app-to-scan-sports-cards,planned,"'Sports cards' is wider than our scope: the page says plainly we cover NBA / Topps only and compares honestly (R14). Listicle format."
competitor,collx alternative,"collx alternatives; collx alternative reddit; collx alternative free; collx alternative for android; collx web version",TBD,Commercial,"Reddit r/sportscards; cardsaiapp.com blog; Facebook group; Slabfy blog; AlternativeTo",accessible,Comparison page,/compare/collx-alternative,planned,"Small blogs rank. PAA: 'How accurate is CollX app pricing?', 'differences between CollX and Collectr?'"
competitor,ludex vs collx,"collx vs ludex; ludex vs collx reddit; ludex vs collx price; is ludex free; ludex reviews",TBD,Commercial,"Reddit r/baseballcards; cardsaiapp.com blog; App Store (Ludex reviews); Ballcard Genius blog",accessible,Comparison page,/compare/ludex-vs-collx,planned,"Head-to-head page; we appear as a third option only where honest."
competitor,collectr vs collx,"collx vs collectr; collectr vs collx review",TBD,Commercial,"Reddit r/sportscards; Facebook group; cardsaiapp.com blog; cardatlas.app blog",accessible,Comparison page,/compare/collectr-vs-collx,planned,"Collectr is TCG-first (Pokemon); say so. Lower priority than the two rows above."
competitor,market movers app review,"market movers app review reddit; market movers app cost; market movers free; market movers vs card ladder; market movers alternative",TBD,Commercial,"Reddit r/basketballcards; App Store; Google Play; marketmoversapp.com; cardsaiapp.com blog",accessible,Comparison page,/compare/market-movers-review,planned,"'market movers alternative' is a different intent (not checked); decide which the page owns once volumes are in."
player,cooper flagg rookie card,"cooper flagg rookie card value; cooper flagg rookie card topps chrome; cooper flagg rookie card psa 10; cooper flagg rookie card 201; cooper flagg rookie cards; best cooper flagg rookie card",TBD,Pre-purchase,"ESPN (news, $8.04M patch sale); SportsCardsPro; CNN/Instagram; heavy shopping block",long-term,Player page,/players/cooper-flagg-rookie-cards,planned,"News dominates after the record sale. The 'value' variant is held by price guides (SportsCardsPro, Sports Card Investor): medium. Catalog has his #201 Topps and #251 Topps Chrome base cards; inserts (Go Time GT-16, Topps Now) are out of scope and must be named as such on the page."
player,dylan harper rookie card,"dylan harper rookie card value; dylan harper rookie card topps; dylan harper rookie card chrome; dylan harper rookie card psa 10; dylan harper rookie card refractor",TBD,Pre-purchase,"eBay; Sports Card Investor; SportsCardsPro",medium,Player page,/players/dylan-harper-rookie-cards,planned,"Price guides in the top 3, Reddit on page 1. Pattern for every 2025 rookie (50 per set in the catalog)."
player,ace bailey rookie card,"ace bailey rookie card value; ace bailey rookie card topps chrome; ace bailey topps 205; ace bailey rookie card topps base",TBD,Pre-purchase,"Sports Card Investor; eBay; SportsCardsPro; AI Overview present",medium,Player page,/players/ace-bailey-rookie-cards,planned,"AI Overview cites SportsCardsPro base prices: citable price sentences matter (R106)."
player,vj edgecombe rookie card,"vj edgecombe rookie card value; vj edgecombe topps chrome rookie",TBD,Pre-purchase,not checked,TBD,Player page,/players/vj-edgecombe-rookie-cards,planned,"Same template as the three rows above; check SERP when volumes arrive."
player,kon knueppel rookie card,"kon knueppel rookie card value",TBD,Pre-purchase,not checked,TBD,Player page,/players/kon-knueppel-rookie-cards,planned,"Same template."
player,"<rookie name> rookie card","<name> rookie card value; <name> topps chrome rookie; <name> rookie card psa 10",TBD,Pre-purchase,"pattern: eBay + price guides (SportsCardsPro, Sports Card Investor) + Reddit",medium,Player page (programmatic),/players/<name>-rookie-cards,planned,"One row per rookie with a card in scope (100 rookie cards across the two sets, 50 players). Indexable only when at least one card has a price with 5+ listings."
player,victor wembanyama rookie card,"victor wembanyama rookie card value; wembanyama rookie card prizm; wembanyama rookie card panini",TBD,Pre-purchase,"eBay; SportsCardsPro; Sports Card Investor; NYT on page 1",long-term,none,-,rejected,"Intent = his 2023-24 rookie cards (Prizm, Topps Chrome 2023-24), outside our scope. We cannot serve it honestly: no page. Same for every pre-2025 player's 'rookie card' query."
player,victor wembanyama cards,"victor wembanyama card value; most valuable victor wembanyama card; victor wembanyama cards for sale",TBD,Pre-purchase,"eBay; Sports Card Investor; NYT; Card Ladder",long-term,Player page,/players/victor-wembanyama-cards,planned,"Veteran pattern. Intent covers his whole career; our page covers 2025-26 Topps only. Title says it ('2025-26 Topps cards'); indexable only when priced. Expect little traffic until the domain has authority."
player,lebron james cards,"lebron james card value; lebron james card topps; lebron james cards for sale",TBD,Pre-purchase,"SportsMemorabilia (shop); Sports Card Investor; eBay",long-term,Player page,/players/lebron-james-cards,planned,"Veteran pattern, same caveat."
player,"<veteran name> cards","<name> card value; <name> topps chrome card",TBD,Pre-purchase,"pattern: eBay + price guides + shops",long-term,Player page (programmatic),/players/<name>-cards,planned,"About 300 players. Indexable only when at least one card is priced."
card,2025-26 topps chrome cooper flagg rookie,"cooper flagg topps chrome rookie card; 2025-26 topps chrome #251 cooper flagg; cooper flagg topps chrome 251 psa 10",TBD,Pre-purchase,"eBay; Card Ladder; Instagram; then Reddit, SportsCardsPro, Walmart",medium,Card page,/cards/2025-26-topps-chrome-cooper-flagg-rookie-card-251,planned,"Card-level query. Reddit thread on page 1 ('What will a PSA 10 base Flagg rookie be worth?'): the page answers exactly that with the asking-price table."
card,"<season> <set> <player> rookie","<player> <set> rookie card; <set> #<number> <player>",TBD,Pre-purchase,"pattern: eBay, Card Ladder, SportsCardsPro",medium,Card page (programmatic),/cards/<set>-<player>-rookie-card-<number>,planned,"100 rookie cards. Indexable only with a price (5+ listings)."
card,"<season> <set> <player> card","<player> <set> card; <set> #<number> <player>",TBD,Pre-purchase,"pattern: eBay, SportsCardsPro",long-term,Card page (programmatic),/cards/<set>-<player>-card-<number>,planned,"499 veteran/legend cards. Same gate."
set,2025-26 topps chrome basketball checklist,"2025 26 topps chrome basketball checklist release date; 2025-26 topps chrome basketball odds; 2025-26 topps chrome basketball parallels; topps chrome basketball 2025-26 base set",TBD,Pre-purchase,"Topps (official store page); Checklist Insider (small site); Cardsmiths Breaks (small site)",accessible,Set page,/checklists/2025-26-topps-chrome-basketball,planned,"Two small checklist sites in the top 3. Our page: full 299-card base list, parallels with print runs, prices by card. Note: Topps says 299 base cards; our CSV has 299 rows."
set,2025-26 topps basketball checklist,"2025 26 topps basketball checklist value; 2025-26 topps basketball parallels; 2025-26 topps basketball odds; 2025 26 topps basketball checklist beckett",TBD,Pre-purchase,"Topps; Checklist Insider; Cardsmiths Breaks",accessible,Set page,/checklists/2025-26-topps-basketball,planned,"300-card base set. Same template."
set,"<season> <set> checklist","<set> parallels; <set> checklist value",TBD,Pre-purchase,"pattern: Topps + checklist sites",accessible,Set page (programmatic),/checklists/<season>-<set>-basketball,planned,"2026-27 Flagship when it releases."
set,topps chrome basketball parallels,"topps chrome basketball parallels value; topps chrome basketball parallels worth; topps chrome refractor types",TBD,Info,"Topps Ripped (official guide); eBay; Cardsmiths Breaks; Reddit",medium,Guide,/guides/topps-chrome-basketball-parallels,candidate,"Brand-level (not one season), so a guide rather than the set page (R3). Links to both set pages."
sealed,2025-26 topps chrome basketball hobby box value,"2025-26 topps chrome basketball hobby box; 2025 26 topps chrome basketball hobby box price; 2025-26 topps chrome basketball hobby box for sale",TBD,Pre-purchase,"for the broad query: Topps; Topps launches; Dave & Adam's; large shopping block",long-term,Sealed product page,/sealed/2025-26-topps-chrome-basketball-hobby-box,planned,"The broad query is a purchase intent owned by Topps and retailers. Our page targets the 'value' formulation (asking price, contents, what a box has returned). Catalog from official Topps product pages only."
sealed,2025-26 topps basketball hobby box value,"2025-26 topps basketball hobby box; 2025 26 topps basketball hobby box price guide; 2025-26 topps basketball jumbo box",TBD,Pre-purchase,"for the broad query: Topps product page; Dave & Adam's; Amazon; NYT box battle",long-term,Sealed product page,/sealed/2025-26-topps-basketball-hobby-box,planned,"Same."
sealed,2025-26 topps chrome basketball blaster box value,"topps chrome basketball blaster box; 2025-26 topps chrome basketball blaster box; topps chrome basketball value box; topps chrome basketball mega box; hanger box",TBD,Pre-purchase,"for 'topps chrome basketball blaster box': Topps; Dave & Adam's; Target; Reddit on page 1",long-term,Sealed product page,/sealed/2025-26-topps-chrome-basketball-blaster-box,planned,"One page per sealed product type and season (hobby, jumbo, blaster, mega, value, hanger, fat pack) only if it exists in the official product list."
ranking,most valuable 2025-26 basketball rookie cards,"best 2025-26 basketball rookie cards; top 10 best 2025 26 basketball rookie cards; 2025-26 topps basketball rookie cards worth money; most valuable basketball rookie cards 2026",TBD,Pre-purchase,"for 'best 2025-26 basketball rookie cards': YouTube; Topps Ripped; Ludex blog; SportsCardsPro; Reddit; Sports Collectors Digest",accessible,Ranking page,/most-valuable-basketball-rookie-cards,planned,"'most valuable basketball rookie cards 2026' is held by all-time lists (Jordan, LeBron): different intent, long term. Our page ranks the current season's rookies by asking price. Season in the title (R31), not in the slug."
daily,trending basketball cards,"trending basketball cards today; hottest basketball cards right now; top 20 hottest basketball cards right now; basketball card movers; nba card prices today",TBD,Info,"Sports Card Investor; Panini; Topps; Reddit; SportsCardsPro",long-term,Daily movers page,/trending-basketball-cards,planned,"PAA 'What are the top 20 hottest basketball cards right now?' appears on 5 of the queries checked. Candidate name for the Last night page; alternatives: 'basketball card movers' (volume unknown), 'basketball card prices today' (held by SportsCardsPro, Card Ladder, SCI: long term). Final slug after volumes."
daily,basketball card prices today,"nba basketball card prices today; topps basketball card prices today; nba card price checker",TBD,Info,"SportsCardsPro; Card Ladder; Sports Card Investor; then Beckett, PSA",long-term,Daily movers page (variant),-,candidate,"Same page as the row above if chosen; big price guides own it."
guide,how much does it cost to grade a card,"psa grading cost; how much does it cost to get a card graded psa; how much does it cost to grade a card with tag; psa grading cost calculator",TBD,Pre-purchase,"PSA (official pricing); Reddit r/PokeInvesting; Facebook; Premier Card Grading; CardVault blog",medium,Guide,/guides/how-much-does-it-cost-to-grade-a-card,planned,"Priority 1. Fees change: every figure dated and sourced from the graders' price pages (R71, R81). Links the grading calculator tool."
guide,psa 9 vs psa 10 value,"psa 9 vs psa 10 difference; is psa 9 worth buying; raw vs psa 10 price difference; raw vs psa 9 price difference; how much does a psa 10 increase value",TBD,Pre-purchase,"Reddit r/basketballcards; Elite Fourum; Pristine Marketplace blog; Substack",accessible,Guide,/guides/psa-9-vs-psa-10-value,planned,"Priority 2. Forums and small blogs. We have real raw / PSA 9 / PSA 10 asking prices per card: unique data for the table."
guide,how to grade basketball cards,"how to grade basketball cards at home; how to grade basketball cards for beginners; how to get basketball cards graded; psa card grading locations",TBD,Transactional,"PSA; GameStop (PSA drop-off); Reddit; Giant Sports Cards blog; Cherry Collectables blog",medium,Guide,/guides/how-to-grade-basketball-cards,planned,"Priority 3. Two intents mixed (self-assess vs submit); the page covers submission and links the calculator for 'should I'."
guide,where to sell basketball cards,"best place to sell basketball cards; how to sell basketball cards; sell basketball cards online",TBD,Transactional,"Local pack (card shops); Reddit; Dave & Adam's; Dean's Cards; SportsCardsPro",medium,Guide,/guides/where-to-sell-basketball-cards,planned,"Priority 4. Local pack shows the query is partly local. Honest list of venues with fees."
guide,are basketball cards worth anything,"are basketball cards worth anything from the 90s; are basketball cards worth money; how to tell if basketball cards are worth money; nba cards value checker",TBD,Info,"SportsCardsPro; Sports Card Investor; Reddit; Medium post",medium,Guide,/guides/are-basketball-cards-worth-anything,planned,"Priority 5. Vintage intent mixed in (90s); answer the general question, then point to today's data. Contextual link to the homepage (R42)."
guide,what is a refractor card,"what is a refractor card football; are refractor cards worth more; how do i know if i have a refractor card; types of refractor cards; prism refractor card",TBD,Info,"Reddit; Topps Ripped glossary; Wikipedia; Cardlines blog",medium,Guide,/guides/what-is-a-refractor-card,planned,"Priority 6. Our parallels table (Refractor, Prism, Negative, Wave, FrozenFractor, Superfractor) with print runs is the unique data."
guide,what is a parallel card,"what is a parallel card in basketball; are parallel cards worth more; how do you know if a card is parallel; parallel cards topps",TBD,Info,"Reddit; Topps Ripped glossary; QPMN blog; hallofcards.app; Chronic Cards blog",accessible,Guide,/guides/what-is-a-parallel-card,planned,"Priority 7. Small blogs rank. Distinct from the refractor page (R3): parallel = concept, refractor = one family."
guide,what does numbered mean on a card,"what do numbered sports cards mean; numbered cards meaning; is a numbered card worth more; topps numbered cards value",TBD,Info,"Reddit; Topps Ripped glossary; Facebook; SI; Packz blog; Sporting News",accessible,Guide,/guides/what-does-numbered-mean-on-a-card,planned,"Priority 8. We show print runs for 12,000+ parallels: table of /2025 to 1/1 tiers with examples."
guide,topps chrome vs topps basketball,"topps chrome vs topps basketball value; is topps chrome worth it; are topps chrome better than topps; topps flagship vs chrome",TBD,Pre-purchase,"Topps; Reddit; Facebook; SportsCardsPro; Giant Sports Cards blog; PreGradeCards blog",accessible,Guide,/guides/topps-chrome-vs-topps-basketball,planned,"Priority 9. Side-by-side table from the two checklists (card count, parallels, print runs, asking prices)."
guide,sports card collection spreadsheet,"sports card collection spreadsheet template free; sports card inventory spreadsheet google sheets; sports card inventory spreadsheet template; trading card spreadsheet template",TBD,Info,"Reddit; Smarter Collector blog (free template); Etsy; SportsCardsPro",accessible,Guide,/guides/sports-card-collection-spreadsheet,planned,"Priority 10. Free template download plus 'import it into HoopTicker' (CSV import). Direct feed to the web app."
guide,how to store basketball cards,"how to store basketball cards long term; basketball card binder; binder vs toploader",TBD,Post-purchase,"Reddit; Amazon; Card Shellz blog; Quora",accessible,Guide,/guides/how-to-store-basketball-cards,candidate,"Wave 2. Protect and insure category."
guide,how to insure a sports card collection,"sports card insurance cost; best sports card insurance; collectibles insurance",TBD,Post-purchase,"Reddit; American Collectors Insurance; MiniCo; Allstate; Collectibles Insurance Services",medium,Guide,/guides/how-to-insure-a-sports-card-collection,candidate,"Wave 2. Insurers own it; our angle: the export / inventory a policy needs."
guide,how much are my basketball cards worth,"how to look up card values for free; basketball card value lookup; how to find out what my basketball cards are worth",TBD,Info,"SportsCardsPro; Card Ladder; Reddit; AI Overview recommends 130point",long-term,Guide,/guides/how-much-are-my-basketball-cards-worth,candidate,"Wave 2. Big price guides own it. Keep distinct from 'are basketball cards worth anything' (R3): this one is a how-to."
guide,hobby box vs blaster box,"hobby vs retail cards; hobby box vs blaster box basketball; what is a hobby box",TBD,Pre-purchase,not checked,TBD,Guide,/guides/hobby-box-vs-blaster-box,candidate,"Wave 2. Supports the sealed pages."
tool,is it worth grading my card,"should i grade my card; how can i tell if my card is worth grading; psa is my card worth grading; psa grading profit calculator; card grading calculator",TBD,Pre-purchase,"Reddit r/PokeInvesting; Facebook; PriceCharting (grading recommendations tool)",accessible,Tool page,/tools/is-it-worth-grading-my-card,planned,"Pokemon-heavy SERP; our calculator uses our raw / PSA 9 / PSA 10 asking prices minus a dated grading fee. 'psa grading calculator' is a different intent (centering / grade estimate, held by Edge Grading and PreGradeCards): not targeted."
tool,set completion cost calculator,"how much does it cost to complete a topps chrome set; set builder cost",TBD,Info,not checked,TBD,Feature on set pages,-,candidate,"No evidence of search demand yet. Build as a block on each set page (sum of base card asking prices) rather than a thin standalone page (R55). Own page only if volume shows."
institutional,hoopticker,"hoopticker app; hoopticker pricing; is hoopticker legit",TBD,Navigational,n/a,n/a,"About, Trust, Pricing, How we price cards, Roadmap, Press, Creators, Referral terms","/about; /trust; /pricing; /how-we-price-cards; /roadmap; /press; /creators; /referral-terms",planned,"Brand-only titles (R32). No commercial keyword."
